Element ID,Local DOF,Global DOF,Fixed(1)/Free(0) Flag,Zero(1)/Non-zero(0) Flag,Active(1)/Inactive(0) Flag,Condensed DOF,Reconstructed Global DOF
0,"[0, 1, 2, 3, 4, 5, 6, 7, 8, 9, 10, 11]","[0, 1, 2, 3, 4, 5, 6, 7, 8, 9, 10, 11]","[1, 1, 1, 1, 1, 1, 0, 0, 0, 0, 0, 0]","[0, 0, 0, 0, 0, 0, 0, 0, 0, 0, 0, 0]","[0, 0, 0, 0, 0, 0, 1, 1, 1, 1, 1, 1]","[-1, -1, -1, -1, -1, -1, 0, 1, 2, 3, 4, 5]","[0.0, 0.0, 0.0, 0.0, 0.0, 0.0, 0.0, -1.1237275098653014e-06, 0.0, 0.0, 0.0, -2.621197539686905e-06]"
1,"[0, 1, 2, 3, 4, 5, 6, 7, 8, 9, 10, 11]","[6, 7, 8, 9, 10, 11, 12, 13, 14, 15, 16, 17]","[0, 0, 0, 0, 0, 0, 0, 0, 0, 0, 0, 0]","[0, 0, 0, 0, 0, 0, 0, 0, 0, 0, 0, 0]","[1, 1, 1, 1, 1, 1, 1, 1, 1, 1, 1, 1]","[0, 1, 2, 3, 4, 5, 6, 7, 8, 9, 10, 11]","[0.0, -1.1237275098653014e-06, 0.0, 0.0, 0.0, -2.621197539686905e-06, 0.0, -4.846278006950037e-06, -0.0, 0.0, 0.0, -5.190196123449716e-06]"
2,"[0, 1, 2, 3, 4, 5, 6, 7, 8, 9, 10, 11]","[12, 13, 14, 15, 16, 17, 18, 19, 20, 21, 22, 23]","[0, 0, 0, 0, 0, 0, 0, 0, 0, 0, 0, 0]","[0, 0, 0, 0, 0, 0, 0, 0, 0, 0, 0, 0]","[1, 1, 1, 1, 1, 1, 1, 1, 1, 1, 1, 1]","[6, 7, 8, 9, 10, 11, 12, 13, 14, 15, 16, 17]","[0.0, -4.846278006950037e-06, -0.0, 0.0, 0.0, -5.190196123449716e-06, 0.0, -1.1115677530830188e-05, -0.0, 0.0, -0.0, -7.707520740788609e-06]"
3,"[0, 1, 2, 3, 4, 5, 6, 7, 8, 9, 10, 11]","[18, 19, 20, 21, 22, 23, 24, 25, 26, 27, 28, 29]","[0, 0, 0, 0, 0, 0, 0, 0, 0, 0, 0, 0]","[0, 0, 0, 0, 0, 0, 0, 0, 0, 0, 0, 0]","[1, 1, 1, 1, 1, 1, 1, 1, 1, 1, 1, 1]","[12, 13, 14, 15, 16, 17, 18, 19, 20, 21, 22, 23]","[0.0, -1.1115677530830188e-05, -0.0, 0.0, -0.0, -7.707520740788609e-06, 0.0, -1.9880477110581823e-05, 0.0, 0.0, -0.0, -1.0173696381203532e-05]"
4,"[0, 1, 2, 3, 4, 5, 6, 7, 8, 9, 10, 11]","[24, 25, 26, 27, 28, 29, 30, 31, 32, 33, 34, 35]","[0, 0, 0, 0, 0, 0, 0, 0, 0, 0, 0, 0]","[0, 0, 0, 0, 0, 0, 0, 0, 0, 0, 0, 0]","[1, 1, 1, 1, 1, 1, 1, 1, 1, 1, 1, 1]","[18, 19, 20, 21, 22, 23, 24, 25, 26, 27, 28, 29]","[0.0, -1.9880477110581823e-05, 0.0, 0.0, -0.0, -1.0173696381203532e-05, 0.0, -3.108975276478098e-05, 0.0, 0.0, -0.0, -1.2589248034194535e-05]"
5,"[0, 1, 2, 3, 4, 5, 6, 7, 8, 9, 10, 11]","[30, 31, 32, 33, 34, 35, 36, 37, 38, 39, 40, 41]","[0, 0, 0, 0, 0, 0, 0, 0, 0, 0, 0, 0]","[0, 0, 0, 0, 0, 0, 0, 0, 0, 0, 0, 0]","[1, 1, 1, 1, 1, 1, 1, 1, 1, 1, 1, 1]","[24, 25, 26, 27, 28, 29, 30, 31, 32, 33, 34, 35]","[0.0, -3.108975276478098e-05, 0.0, 0.0, -0.0, -1.2589248034194535e-05, 0.0, -4.46931055015028e-05, 0.0, 0.0, -0.0, -1.495470068925935e-05]"
6,"[0, 1, 2, 3, 4, 5, 6, 7, 8, 9, 10, 11]","[36, 37, 38, 39, 40, 41, 42, 43, 44, 45, 46, 47]","[0, 0, 0, 0, 0, 0, 0, 0, 0, 0, 0, 0]","[0, 0, 0, 0, 0, 0, 0, 0, 0, 0, 0, 0]","[1, 1, 1, 1, 1, 1, 1, 1, 1, 1, 1, 1]","[30, 31, 32, 33, 34, 35, 36, 37, 38, 39, 40, 41]","[0.0, -4.46931055015028e-05, 0.0, 0.0, -0.0, -1.495470068925935e-05, 0.0, -6.064066131832138e-05, 0.0, 0.0, -0.0, -1.727057933589876e-05]"
7,"[0, 1, 2, 3, 4, 5, 6, 7, 8, 9, 10, 11]","[42, 43, 44, 45, 46, 47, 48, 49, 50, 51, 52, 53]","[0, 0, 0, 0, 0, 0, 0, 0, 0, 0, 0, 0]","[0, 0, 0, 0, 0, 0, 0, 0, 0, 0, 0, 0]","[1, 1, 1, 1, 1, 1, 1, 1, 1, 1, 1, 1]","[36, 37, 38, 39, 40, 41, 42, 43, 44, 45, 46, 47]","[0.0, -6.064066131832138e-05, 0.0, 0.0, -0.0, -1.727057933589876e-05, 0.0, -7.888307120231067e-05, 0.0, 0.0, -0.0, -1.953740896361117e-05]"
8,"[0, 1, 2, 3, 4, 5, 6, 7, 8, 9, 10, 11]","[48, 49, 50, 51, 52, 53, 54, 55, 56, 57, 58, 59]","[0, 0, 0, 0, 0, 0, 0, 0, 0, 0, 0, 0]","[0, 0, 0, 0, 0, 0, 0, 0, 0, 0, 0, 0]","[1, 1, 1, 1, 1, 1, 1, 1, 1, 1, 1, 1]","[42, 43, 44, 45, 46, 47, 48, 49, 50, 51, 52, 53]","[0.0, -7.888307120231067e-05, 0.0, 0.0, -0.0, -1.953740896361117e-05, 0.0, -9.937151113004448e-05, 0.0, 0.0, -0.0, -2.1755714561898493e-05]"
9,"[0, 1, 2, 3, 4, 5, 6, 7, 8, 9, 10, 11]","[54, 55, 56, 57, 58, 59, 60, 61, 62, 63, 64, 65]","[0, 0, 0, 0, 0, 0, 0, 0, 0, 0, 0, 0]","[0, 0, 0, 0, 0, 0, 0, 0, 0, 0, 0, 0]","[1, 1, 1, 1, 1, 1, 1, 1, 1, 1, 1, 1]","[48, 49, 50, 51, 52, 53, 54, 55, 56, 57, 58, 59]","[0.0, -9.937151113004448e-05, 0.0, 0.0, -0.0, -2.1755714561898493e-05, 0.0, -0.00012205768206759632, 0.0, 0.0, -0.0, -2.392602112025747e-05]"
10,"[0, 1, 2, 3, 4, 5, 6, 7, 8, 9, 10, 11]","[60, 61, 62, 63, 64, 65, 66, 67, 68, 69, 70, 71]","[0, 0, 0, 0, 0, 0, 0, 0, 0, 0, 0, 0]","[0, 0, 0, 0, 0, 0, 0, 0, 0, 0, 0, 0]","[1, 1, 1, 1, 1, 1, 1, 1, 1, 1, 1, 1]","[54, 55, 56, 57, 58, 59, 60, 61, 62, 63, 64, 65]","[0.0, -0.00012205768206759632, 0.0, 0.0, -0.0, -2.392602112025747e-05, 0.0, -0.00014689380997054023, 0.0, 0.0, -0.0, -2.604885362819383e-05]"
11,"[0, 1, 2, 3, 4, 5, 6, 7, 8, 9, 10, 11]","[66, 67, 68, 69, 70, 71, 72, 73, 74, 75, 76, 77]","[0, 0, 0, 0, 0, 0, 0, 0, 0, 0, 0, 0]","[0, 0, 0, 0, 0, 0, 0, 0, 0, 0, 0, 0]","[1, 1, 1, 1, 1, 1, 1, 1, 1, 1, 1, 1]","[60, 61, 62, 63, 64, 65, 66, 67, 68, 69, 70, 71]","[0.0, -0.00014689380997054023, 0.0, 0.0, -0.0, -2.604885362819383e-05, 0.0, -0.00017383264578395597, 0.0, 0.0, 0.0, -2.812473707521296e-05]"
12,"[0, 1, 2, 3, 4, 5, 6, 7, 8, 9, 10, 11]","[72, 73, 74, 75, 76, 77, 78, 79, 80, 81, 82, 83]","[0, 0, 0, 0, 0, 0, 0, 0, 0, 0, 0, 0]","[0, 0, 0, 0, 0, 0, 0, 0, 0, 0, 0, 0]","[1, 1, 1, 1, 1, 1, 1, 1, 1, 1, 1, 1]","[66, 67, 68, 69, 70, 71, 72, 73, 74, 75, 76, 77]","[0.0, -0.00017383264578395597, 0.0, 0.0, 0.0, -2.812473707521296e-05, 0.0, -0.00020282746544242542, -0.0, 0.0, -0.0, -3.015419645081267e-05]"
13,"[0, 1, 2, 3, 4, 5, 6, 7, 8, 9, 10, 11]","[78, 79, 80, 81, 82, 83, 84, 85, 86, 87, 88, 89]","[0, 0, 0, 0, 0, 0, 0, 0, 0, 0, 0, 0]","[0, 0, 0, 0, 0, 0, 0, 0, 0, 0, 0, 0]","[1, 1, 1, 1, 1, 1, 1, 1, 1, 1, 1, 1]","[72, 73, 74, 75, 76, 77, 78, 79, 80, 81, 82, 83]","[0.0, -0.00020282746544242542, -0.0, 0.0, -0.0, -3.015419645081267e-05, 0.0, -0.00023383206987011046, 0.0, 0.0, -0.0, -3.2137756744688384e-05]"
14,"[0, 1, 2, 3, 4, 5, 6, 7, 8, 9, 10, 11]","[84, 85, 86, 87, 88, 89, 90, 91, 92, 93, 94, 95]","[0, 0, 0, 0, 0, 0, 0, 0, 0, 0, 0, 0]","[0, 0, 0, 0, 0, 0, 0, 0, 0, 0, 0, 0]","[1, 1, 1, 1, 1, 1, 1, 1, 1, 1, 1, 1]","[78, 79, 80, 81, 82, 83, 84, 85, 86, 87, 88, 89]","[0.0, -0.00023383206987011046, 0.0, 0.0, -0.0, -3.2137756744688384e-05, 0.0, -0.00026680078498085314, 0.0, 0.0, -0.0, -3.407594294648848e-05]"
15,"[0, 1, 2, 3, 4, 5, 6, 7, 8, 9, 10, 11]","[90, 91, 92, 93, 94, 95, 96, 97, 98, 99, 100, 101]","[0, 0, 0, 0, 0, 0, 0, 0, 0, 0, 0, 0]","[0, 0, 0, 0, 0, 0, 0, 0, 0, 0, 0, 0]","[1, 1, 1, 1, 1, 1, 1, 1, 1, 1, 1, 1]","[84, 85, 86, 87, 88, 89, 90, 91, 92, 93, 94, 95]","[0.0, -0.00026680078498085314, 0.0, 0.0, -0.0, -3.407594294648848e-05, 0.0, -0.00030168846167807916, 0.0, 0.0, -0.0, -3.596928004571605e-05]"
16,"[0, 1, 2, 3, 4, 5, 6, 7, 8, 9, 10, 11]","[96, 97, 98, 99, 100, 101, 102, 103, 104, 105, 106, 107]","[0, 0, 0, 0, 0, 0, 0, 0, 0, 0, 0, 0]","[0, 0, 0, 0, 0, 0, 0, 0, 0, 0, 0, 0]","[1, 1, 1, 1, 1, 1, 1, 1, 1, 1, 1, 1]","[90, 91, 92, 93, 94, 95, 96, 97, 98, 99, 100, 101]","[0.0, -0.00030168846167807916, 0.0, 0.0, -0.0, -3.596928004571605e-05, 0.0, -0.00033845047585471063, 0.0, 0.0, -0.0, -3.781829303185859e-05]"
17,"[0, 1, 2, 3, 4, 5, 6, 7, 8, 9, 10, 11]","[102, 103, 104, 105, 106, 107, 108, 109, 110, 111, 112, 113]","[0, 0, 0, 0, 0, 0, 0, 0, 0, 0, 0, 0]","[0, 0, 0, 0, 0, 0, 0, 0, 0, 0, 0, 0]","[1, 1, 1, 1, 1, 1, 1, 1, 1, 1, 1, 1]","[96, 97, 98, 99, 100, 101, 102, 103, 104, 105, 106, 107]","[0.0, -0.00033845047585471063, 0.0, 0.0, -0.0, -3.781829303185859e-05, 0.0, -0.0003770427283931597, 0.0, 0.0, -0.0, -3.962350689440956e-05]"
18,"[0, 1, 2, 3, 4, 5, 6, 7, 8, 9, 10, 11]","[108, 109, 110, 111, 112, 113, 114, 115, 116, 117, 118, 119]","[0, 0, 0, 0, 0, 0, 0, 0, 0, 0, 0, 0]","[0, 0, 0, 0, 0, 0, 0, 0, 0, 0, 0, 0]","[1, 1, 1, 1, 1, 1, 1, 1, 1, 1, 1, 1]","[102, 103, 104, 105, 106, 107, 108, 109, 110, 111, 112, 113]","[0.0, -0.0003770427283931597, 0.0, 0.0, -0.0, -3.962350689440956e-05, 0.0, -0.00041742164516533024, 0.0, 0.0, -0.0, -4.138544662285801e-05]"
19,"[0, 1, 2, 3, 4, 5, 6, 7, 8, 9, 10, 11]","[114, 115, 116, 117, 118, 119, 120, 121, 122, 123, 124, 125]","[0, 0, 0, 0, 0, 0, 0, 0, 0, 0, 0, 0]","[0, 0, 0, 0, 0, 0, 0, 0, 0, 0, 0, 0]","[1, 1, 1, 1, 1, 1, 1, 1, 1, 1, 1, 1]","[108, 109, 110, 111, 112, 113, 114, 115, 116, 117, 118, 119]","[0.0, -0.00041742164516533024, 0.0, 0.0, -0.0, -4.138544662285801e-05, 0.0, -0.0004595441770326145, 0.0, 0.0, -0.0, -4.310463720669186e-05]"
20,"[0, 1, 2, 3, 4, 5, 6, 7, 8, 9, 10, 11]","[120, 121, 122, 123, 124, 125, 126, 127, 128, 129, 130, 131]","[0, 0, 0, 0, 0, 0, 0, 0, 0, 0, 0, 0]","[0, 0, 0, 0, 0, 0, 0, 0, 0, 0, 0, 0]","[1, 1, 1, 1, 1, 1, 1, 1, 1, 1, 1, 1]","[114, 115, 116, 117, 118, 119, 120, 121, 122, 123, 124, 125]","[0.0, -0.0004595441770326145, 0.0, 0.0, -0.0, -4.310463720669186e-05, 0.0, -0.0005033677998458941, 0.0, 0.0, -0.0, -4.478160363540232e-05]"
21,"[0, 1, 2, 3, 4, 5, 6, 7, 8, 9, 10, 11]","[126, 127, 128, 129, 130, 131, 132, 133, 134, 135, 136, 137]","[0, 0, 0, 0, 0, 0, 0, 0, 0, 0, 0, 0]","[0, 0, 0, 0, 0, 0, 0, 0, 0, 0, 0, 0]","[1, 1, 1, 1, 1, 1, 1, 1, 1, 1, 1, 1]","[120, 121, 122, 123, 124, 125, 126, 127, 128, 129, 130, 131]","[0.0, -0.0005033677998458941, 0.0, 0.0, -0.0, -4.478160363540232e-05, 0.0, -0.000548850514445544, 0.0, 0.0, -0.0, -4.641687089848581e-05]"
22,"[0, 1, 2, 3, 4, 5, 6, 7, 8, 9, 10, 11]","[132, 133, 134, 135, 136, 137, 138, 139, 140, 141, 142, 143]","[0, 0, 0, 0, 0, 0, 0, 0, 0, 0, 0, 0]","[0, 0, 0, 0, 0, 0, 0, 0, 0, 0, 0, 0]","[1, 1, 1, 1, 1, 1, 1, 1, 1, 1, 1, 1]","[126, 127, 128, 129, 130, 131, 132, 133, 134, 135, 136, 137]","[0.0, -0.000548850514445544, 0.0, 0.0, -0.0, -4.641687089848581e-05, 0.0, -0.0005959508466614357, 0.0, 0.0, -0.0, -4.8010963985438514e-05]"
23,"[0, 1, 2, 3, 4, 5, 6, 7, 8, 9, 10, 11]","[138, 139, 140, 141, 142, 143, 144, 145, 146, 147, 148, 149]","[0, 0, 0, 0, 0, 0, 0, 0, 0, 0, 0, 0]","[0, 0, 0, 0, 0, 0, 0, 0, 0, 0, 0, 0]","[1, 1, 1, 1, 1, 1, 1, 1, 1, 1, 1, 1]","[132, 133, 134, 135, 136, 137, 138, 139, 140, 141, 142, 143]","[0.0, -0.0005959508466614357, 0.0, 0.0, -0.0, -4.8010963985438514e-05, 0.0, -0.0006446278473129228, 0.0, 0.0, -0.0, -4.9564407885723646e-05]"
24,"[0, 1, 2, 3, 4, 5, 6, 7, 8, 9, 10, 11]","[144, 145, 146, 147, 148, 149, 150, 151, 152, 153, 154, 155]","[0, 0, 0, 0, 0, 0, 0, 0, 0, 0, 0, 0]","[0, 0, 0, 0, 0, 0, 0, 0, 0, 0, 0, 0]","[1, 1, 1, 1, 1, 1, 1, 1, 1, 1, 1, 1]","[138, 139, 140, 141, 142, 143, 144, 145, 146, 147, 148, 149]","[0.0, -0.0006446278473129228, 0.0, 0.0, -0.0, -4.9564407885723646e-05, 0.0, -0.000694841092208838, 0.0, 0.0, -0.0, -5.10777275888424e-05]"
25,"[0, 1, 2, 3, 4, 5, 6, 7, 8, 9, 10, 11]","[150, 151, 152, 153, 154, 155, 156, 157, 158, 159, 160, 161]","[0, 0, 0, 0, 0, 0, 0, 0, 0, 0, 0, 0]","[0, 0, 0, 0, 0, 0, 0, 0, 0, 0, 0, 0]","[1, 1, 1, 1, 1, 1, 1, 1, 1, 1, 1, 1]","[144, 145, 146, 147, 148, 149, 150, 151, 152, 153, 154, 155]","[0.0, -0.000694841092208838, 0.0, 0.0, -0.0, -5.10777275888424e-05, 0.0, -0.0007465506821475047, 0.0, 0.0, -0.0, -5.255144808427097e-05]"
26,"[0, 1, 2, 3, 4, 5, 6, 7, 8, 9, 10, 11]","[156, 157, 158, 159, 160, 161, 162, 163, 164, 165, 166, 167]","[0, 0, 0, 0, 0, 0, 0, 0, 0, 0, 0, 0]","[0, 0, 0, 0, 0, 0, 0, 0, 0, 0, 0, 0]","[1, 1, 1, 1, 1, 1, 1, 1, 1, 1, 1, 1]","[150, 151, 152, 153, 154, 155, 156, 157, 158, 159, 160, 161]","[0.0, -0.0007465506821475047, 0.0, 0.0, -0.0, -5.255144808427097e-05, 0.0, -0.0007997172429167373, 0.0, 0.0, -0.0, -5.3986094361520186e-05]"
27,"[0, 1, 2, 3, 4, 5, 6, 7, 8, 9, 10, 11]","[162, 163, 164, 165, 166, 167, 168, 169, 170, 171, 172, 173]","[0, 0, 0, 0, 0, 0, 0, 0, 0, 0, 0, 0]","[0, 0, 0, 0, 0, 0, 0, 0, 0, 0, 0, 0]","[1, 1, 1, 1, 1, 1, 1, 1, 1, 1, 1, 1]","[156, 157, 158, 159, 160, 161, 162, 163, 164, 165, 166, 167]","[0.0, -0.0007997172429167373, 0.0, 0.0, -0.0, -5.3986094361520186e-05, 0.0, -0.0008543019252938642, 0.0, 0.0, -0.0, -5.5382191410108195e-05]"
28,"[0, 1, 2, 3, 4, 5, 6, 7, 8, 9, 10, 11]","[168, 169, 170, 171, 172, 173, 174, 175, 176, 177, 178, 179]","[0, 0, 0, 0, 0, 0, 0, 0, 0, 0, 0, 0]","[0, 0, 0, 0, 0, 0, 0, 0, 0, 0, 0, 0]","[1, 1, 1, 1, 1, 1, 1, 1, 1, 1, 1, 1]","[162, 163, 164, 165, 166, 167, 168, 169, 170, 171, 172, 173]","[0.0, -0.0008543019252938642, 0.0, 0.0, -0.0, -5.5382191410108195e-05, 0.0, -0.0009102664050457434, 0.0, 0.0, -0.0, -5.674026421958007e-05]"
29,"[0, 1, 2, 3, 4, 5, 6, 7, 8, 9, 10, 11]","[174, 175, 176, 177, 178, 179, 180, 181, 182, 183, 184, 185]","[0, 0, 0, 0, 0, 0, 0, 0, 0, 0, 0, 0]","[0, 0, 0, 0, 0, 0, 0, 0, 0, 0, 0, 0]","[1, 1, 1, 1, 1, 1, 1, 1, 1, 1, 1, 1]","[168, 169, 170, 171, 172, 173, 174, 175, 176, 177, 178, 179]","[0.0, -0.0009102664050457434, 0.0, 0.0, -0.0, -5.674026421958007e-05, 0.0, -0.0009675728829287776, 0.0, 0.0, -0.0, -5.8060837779480016e-05]"
30,"[0, 1, 2, 3, 4, 5, 6, 7, 8, 9, 10, 11]","[180, 181, 182, 183, 184, 185, 186, 187, 188, 189, 190, 191]","[0, 0, 0, 0, 0, 0, 0, 0, 0, 0, 0, 0]","[0, 0, 0, 0, 0, 0, 0, 0, 0, 0, 0, 0]","[1, 1, 1, 1, 1, 1, 1, 1, 1, 1, 1, 1]","[174, 175, 176, 177, 178, 179, 180, 181, 182, 183, 184, 185]","[0.0, -0.0009675728829287776, 0.0, 0.0, -0.0, -5.8060837779480016e-05, 0.0, -0.0010261840846888936, 0.0, 0.0, -0.0, -5.934443707930398e-05]"
31,"[0, 1, 2, 3, 4, 5, 6, 7, 8, 9, 10, 11]","[186, 187, 188, 189, 190, 191, 192, 193, 194, 195, 196, 197]","[0, 0, 0, 0, 0, 0, 0, 0, 0, 0, 0, 0]","[0, 0, 0, 0, 0, 0, 0, 0, 0, 0, 0, 0]","[1, 1, 1, 1, 1, 1, 1, 1, 1, 1, 1, 1]","[180, 181, 182, 183, 184, 185, 186, 187, 188, 189, 190, 191]","[0.0, -0.0010261840846888936, 0.0, 0.0, -0.0, -5.934443707930398e-05, 0.0, -0.0010860632610615087, 0.0, 0.0, -0.0, -6.059158710853679e-05]"
32,"[0, 1, 2, 3, 4, 5, 6, 7, 8, 9, 10, 11]","[192, 193, 194, 195, 196, 197, 198, 199, 200, 201, 202, 203]","[0, 0, 0, 0, 0, 0, 0, 0, 0, 0, 0, 0]","[0, 0, 0, 0, 0, 0, 0, 0, 0, 0, 0, 0]","[1, 1, 1, 1, 1, 1, 1, 1, 1, 1, 1, 1]","[186, 187, 188, 189, 190, 191, 192, 193, 194, 195, 196, 197]","[0.0, -0.0010860632610615087, 0.0, 0.0, -0.0, -6.059158710853679e-05, 0.0, -0.0011471741877715376, 0.0, 0.0, -0.0, -6.180281285669132e-05]"
33,"[0, 1, 2, 3, 4, 5, 6, 7, 8, 9, 10, 11]","[198, 199, 200, 201, 202, 203, 204, 205, 206, 207, 208, 209]","[0, 0, 0, 0, 0, 0, 0, 0, 0, 0, 0, 0]","[0, 0, 0, 0, 0, 0, 0, 0, 0, 0, 0, 0]","[1, 1, 1, 1, 1, 1, 1, 1, 1, 1, 1, 1]","[192, 193, 194, 195, 196, 197, 198, 199, 200, 201, 202, 203]","[0.0, -0.0011471741877715376, 0.0, 0.0, -0.0, -6.180281285669132e-05, 0.0, -0.0012094811655333926, 0.0, 0.0, -0.0, -6.297863931324613e-05]"
34,"[0, 1, 2, 3, 4, 5, 6, 7, 8, 9, 10, 11]","[204, 205, 206, 207, 208, 209, 210, 211, 212, 213, 214, 215]","[0, 0, 0, 0, 0, 0, 0, 0, 0, 0, 0, 0]","[0, 0, 0, 0, 0, 0, 0, 0, 0, 0, 0, 0]","[1, 1, 1, 1, 1, 1, 1, 1, 1, 1, 1, 1]","[198, 199, 200, 201, 202, 203, 204, 205, 206, 207, 208, 209]","[0.0, -0.0012094811655333926, 0.0, 0.0, -0.0, -6.297863931324613e-05, 0.0, -0.0012729490200510045, 0.0, 0.0, -0.0, -6.411959146777424e-05]"
35,"[0, 1, 2, 3, 4, 5, 6, 7, 8, 9, 10, 11]","[210, 211, 212, 213, 214, 215, 216, 217, 218, 219, 220, 221]","[0, 0, 0, 0, 0, 0, 0, 0, 0, 0, 0, 0]","[0, 0, 0, 0, 0, 0, 0, 0, 0, 0, 0, 0]","[1, 1, 1, 1, 1, 1, 1, 1, 1, 1, 1, 1]","[204, 205, 206, 207, 208, 209, 210, 211, 212, 213, 214, 215]","[0.0, -0.0012729490200510045, 0.0, 0.0, -0.0, -6.411959146777424e-05, 0.0, -0.0013375431020178465, 0.0, 0.0, -0.0, -6.522619430977313e-05]"
36,"[0, 1, 2, 3, 4, 5, 6, 7, 8, 9, 10, 11]","[216, 217, 218, 219, 220, 221, 222, 223, 224, 225, 226, 227]","[0, 0, 0, 0, 0, 0, 0, 0, 0, 0, 0, 0]","[0, 0, 0, 0, 0, 0, 0, 0, 0, 0, 0, 0]","[1, 1, 1, 1, 1, 1, 1, 1, 1, 1, 1, 1]","[210, 211, 212, 213, 214, 215, 216, 217, 218, 219, 220, 221]","[0.0, -0.0013375431020178465, 0.0, 0.0, -0.0, -6.522619430977313e-05, 0.0, -0.0014032292871169142, 0.0, 0.0, -0.0, -6.62989728288032e-05]"
37,"[0, 1, 2, 3, 4, 5, 6, 7, 8, 9, 10, 11]","[222, 223, 224, 225, 226, 227, 228, 229, 230, 231, 232, 233]","[0, 0, 0, 0, 0, 0, 0, 0, 0, 0, 0, 0]","[0, 0, 0, 0, 0, 0, 0, 0, 0, 0, 0, 0]","[1, 1, 1, 1, 1, 1, 1, 1, 1, 1, 1, 1]","[216, 217, 218, 219, 220, 221, 222, 223, 224, 225, 226, 227]","[0.0, -0.0014032292871169142, 0.0, 0.0, -0.0, -6.62989728288032e-05, 0.0, -0.0014699739760207398, 0.0, 0.0, -0.0, -6.733845201436313e-05]"
38,"[0, 1, 2, 3, 4, 5, 6, 7, 8, 9, 10, 11]","[228, 229, 230, 231, 232, 233, 234, 235, 236, 237, 238, 239]","[0, 0, 0, 0, 0, 0, 0, 0, 0, 0, 0, 0]","[0, 0, 0, 0, 0, 0, 0, 0, 0, 0, 0, 0]","[1, 1, 1, 1, 1, 1, 1, 1, 1, 1, 1, 1]","[222, 223, 224, 225, 226, 227, 228, 229, 230, 231, 232, 233]","[0.0, -0.0014699739760207398, 0.0, 0.0, -0.0, -6.733845201436313e-05, 0.0, -0.0015377440943913417, 0.0, 0.0, -0.0, -6.83451568559276e-05]"
39,"[0, 1, 2, 3, 4, 5, 6, 7, 8, 9, 10, 11]","[234, 235, 236, 237, 238, 239, 240, 241, 242, 243, 244, 245]","[0, 0, 0, 0, 0, 0, 0, 0, 0, 0, 0, 0]","[0, 0, 0, 0, 0, 0, 0, 0, 0, 0, 0, 0]","[1, 1, 1, 1, 1, 1, 1, 1, 1, 1, 1, 1]","[228, 229, 230, 231, 232, 233, 234, 235, 236, 237, 238, 239]","[0.0, -0.0015377440943913417, 0.0, 0.0, -0.0, -6.83451568559276e-05, 0.0, -0.001606507092880203, 0.0, 0.0, -0.0, -6.931961234294635e-05]"
40,"[0, 1, 2, 3, 4, 5, 6, 7, 8, 9, 10, 11]","[240, 241, 242, 243, 244, 245, 246, 247, 248, 249, 250, 251]","[0, 0, 0, 0, 0, 0, 0, 0, 0, 0, 0, 0]","[0, 0, 0, 0, 0, 0, 0, 0, 0, 0, 0, 0]","[1, 1, 1, 1, 1, 1, 1, 1, 1, 1, 1, 1]","[234, 235, 236, 237, 238, 239, 240, 241, 242, 243, 244, 245]","[0.0, -0.001606507092880203, 0.0, 0.0, -0.0, -6.931961234294635e-05, 0.0, -0.001676230947128298, 0.0, 0.0, -0.0, -7.026234346496875e-05]"
41,"[0, 1, 2, 3, 4, 5, 6, 7, 8, 9, 10, 11]","[246, 247, 248, 249, 250, 251, 252, 253, 254, 255, 256, 257]","[0, 0, 0, 0, 0, 0, 0, 0, 0, 0, 0, 0]","[0, 0, 0, 0, 0, 0, 0, 0, 0, 0, 0, 0]","[1, 1, 1, 1, 1, 1, 1, 1, 1, 1, 1, 1]","[240, 241, 242, 243, 244, 245, 246, 247, 248, 249, 250, 251]","[0.0, -0.001676230947128298, 0.0, 0.0, -0.0, -7.026234346496875e-05, 0.0, -0.0017468841577661502, 0.0, 0.0, -0.0, -7.11738752115392e-05]"
42,"[0, 1, 2, 3, 4, 5, 6, 7, 8, 9, 10, 11]","[252, 253, 254, 255, 256, 257, 258, 259, 260, 261, 262, 263]","[0, 0, 0, 0, 0, 0, 0, 0, 0, 0, 0, 0]","[0, 0, 0, 0, 0, 0, 0, 0, 0, 0, 0, 0]","[1, 1, 1, 1, 1, 1, 1, 1, 1, 1, 1, 1]","[246, 247, 248, 249, 250, 251, 252, 253, 254, 255, 256, 257]","[0.0, -0.0017468841577661502, 0.0, 0.0, -0.0, -7.11738752115392e-05, 0.0, -0.0018184357504138463, 0.0, 0.0, -0.0, -7.205473257224866e-05]"
43,"[0, 1, 2, 3, 4, 5, 6, 7, 8, 9, 10, 11]","[258, 259, 260, 261, 262, 263, 264, 265, 266, 267, 268, 269]","[0, 0, 0, 0, 0, 0, 0, 0, 0, 0, 0, 0]","[0, 0, 0, 0, 0, 0, 0, 0, 0, 0, 0, 0]","[1, 1, 1, 1, 1, 1, 1, 1, 1, 1, 1, 1]","[252, 253, 254, 255, 256, 257, 258, 259, 260, 261, 262, 263]","[0.0, -0.0018184357504138463, 0.0, 0.0, -0.0, -7.205473257224866e-05, 0.0, -0.0018908552756810254, 0.0, 0.0, -0.0, -7.290544053659576e-05]"
44,"[0, 1, 2, 3, 4, 5, 6, 7, 8, 9, 10, 11]","[264, 265, 266, 267, 268, 269, 270, 271, 272, 273, 274, 275]","[0, 0, 0, 0, 0, 0, 0, 0, 0, 0, 0, 0]","[0, 0, 0, 0, 0, 0, 0, 0, 0, 0, 0, 0]","[1, 1, 1, 1, 1, 1, 1, 1, 1, 1, 1, 1]","[258, 259, 260, 261, 262, 263, 264, 265, 266, 267, 268, 269]","[0.0, -0.0018908552756810254, 0.0, 0.0, -0.0, -7.290544053659576e-05, 0.0, -0.00196411280916678, 0.0, 0.0, -0.0, -7.372652409397531e-05]"
45,"[0, 1, 2, 3, 4, 5, 6, 7, 8, 9, 10, 11]","[270, 271, 272, 273, 274, 275, 276, 277, 278, 279, 280, 281]","[0, 0, 0, 0, 0, 0, 0, 0, 0, 0, 0, 0]","[0, 0, 0, 0, 0, 0, 0, 0, 0, 0, 0, 0]","[1, 1, 1, 1, 1, 1, 1, 1, 1, 1, 1, 1]","[264, 265, 266, 267, 268, 269, 270, 271, 272, 273, 274, 275]","[0.0, -0.00196411280916678, 0.0, 0.0, -0.0, -7.372652409397531e-05, 0.0, -0.0020381789514596596, 0.0, 0.0, -0.0, -7.451850823392807e-05]"
46,"[0, 1, 2, 3, 4, 5, 6, 7, 8, 9, 10, 11]","[276, 277, 278, 279, 280, 281, 282, 283, 284, 285, 286, 287]","[0, 0, 0, 0, 0, 0, 0, 0, 0, 0, 0, 0]","[0, 0, 0, 0, 0, 0, 0, 0, 0, 0, 0, 0]","[1, 1, 1, 1, 1, 1, 1, 1, 1, 1, 1, 1]","[270, 271, 272, 273, 274, 275, 276, 277, 278, 279, 280, 281]","[0.0, -0.0020381789514596596, 0.0, 0.0, -0.0, -7.451850823392807e-05, 0.0, -0.0021130248281377878, 0.0, 0.0, -0.0, -7.528191794607335e-05]"
47,"[0, 1, 2, 3, 4, 5, 6, 7, 8, 9, 10, 11]","[282, 283, 284, 285, 286, 287, 288, 289, 290, 291, 292, 293]","[0, 0, 0, 0, 0, 0, 0, 0, 0, 0, 0, 0]","[0, 0, 0, 0, 0, 0, 0, 0, 0, 0, 0, 0]","[1, 1, 1, 1, 1, 1, 1, 1, 1, 1, 1, 1]","[276, 277, 278, 279, 280, 281, 282, 283, 284, 285, 286, 287]","[0.0, -0.0021130248281377878, 0.0, 0.0, -0.0, -7.528191794607335e-05, 0.0, -0.0021886220897688368, 0.0, 0.0, -0.0, -7.601727821985982e-05]"
48,"[0, 1, 2, 3, 4, 5, 6, 7, 8, 9, 10, 11]","[288, 289, 290, 291, 292, 293, 294, 295, 296, 297, 298, 299]","[0, 0, 0, 0, 0, 0, 0, 0, 0, 0, 0, 0]","[0, 0, 0, 0, 0, 0, 0, 0, 0, 0, 0, 0]","[1, 1, 1, 1, 1, 1, 1, 1, 1, 1, 1, 1]","[282, 283, 284, 285, 286, 287, 288, 289, 290, 291, 292, 293]","[0.0, -0.0021886220897688368, 0.0, 0.0, -0.0, -7.601727821985982e-05, 0.0, -0.0022649429119099176, 0.0, 0.0, -0.0, -7.67251140447171e-05]"
49,"[0, 1, 2, 3, 4, 5, 6, 7, 8, 9, 10, 11]","[294, 295, 296, 297, 298, 299, 300, 301, 302, 303, 304, 305]","[0, 0, 0, 0, 0, 0, 0, 0, 0, 0, 0, 0]","[0, 0, 0, 0, 0, 0, 0, 0, 0, 0, 0, 0]","[1, 1, 1, 1, 1, 1, 1, 1, 1, 1, 1, 1]","[288, 289, 290, 291, 292, 293, 294, 295, 296, 297, 298, 299]","[0.0, -0.0022649429119099176, 0.0, 0.0, -0.0, -7.67251140447171e-05, 0.0, -0.002341959995107604, 0.0, 0.0, -0.0, -7.740595041015499e-05]"
50,"[0, 1, 2, 3, 4, 5, 6, 7, 8, 9, 10, 11]","[300, 301, 302, 303, 304, 305, 306, 307, 308, 309, 310, 311]","[0, 0, 0, 0, 0, 0, 0, 0, 0, 0, 0, 0]","[0, 0, 0, 0, 0, 0, 0, 0, 0, 0, 0, 0]","[1, 1, 1, 1, 1, 1, 1, 1, 1, 1, 1, 1]","[294, 295, 296, 297, 298, 299, 300, 301, 302, 303, 304, 305]","[0.0, -0.002341959995107604, 0.0, 0.0, -0.0, -7.740595041015499e-05, 0.0, -0.0024196465648979332, 0.0, 0.0, -0.0, -7.806031230556682e-05]"
51,"[0, 1, 2, 3, 4, 5, 6, 7, 8, 9, 10, 11]","[306, 307, 308, 309, 310, 311, 312, 313, 314, 315, 316, 317]","[0, 0, 0, 0, 0, 0, 0, 0, 0, 0, 0, 0]","[0, 0, 0, 0, 0, 0, 0, 0, 0, 0, 0, 0]","[1, 1, 1, 1, 1, 1, 1, 1, 1, 1, 1, 1]","[300, 301, 302, 303, 304, 305, 306, 307, 308, 309, 310, 311]","[0.0, -0.0024196465648979332, 0.0, 0.0, -0.0, -7.806031230556682e-05, 0.0, -0.0024979763718063386, 0.0, 0.0, -0.0, -7.868872472036318e-05]"
52,"[0, 1, 2, 3, 4, 5, 6, 7, 8, 9, 10, 11]","[312, 313, 314, 315, 316, 317, 318, 319, 320, 321, 322, 323]","[0, 0, 0, 0, 0, 0, 0, 0, 0, 0, 0, 0]","[0, 0, 0, 0, 0, 0, 0, 0, 0, 0, 0, 0]","[1, 1, 1, 1, 1, 1, 1, 1, 1, 1, 1, 1]","[306, 307, 308, 309, 310, 311, 312, 313, 314, 315, 316, 317]","[0.0, -0.0024979763718063386, 0.0, 0.0, -0.0, -7.868872472036318e-05, 0.0, -0.0025769236913477634, 0.0, 0.0, -0.0, -7.929171264418323e-05]"
53,"[0, 1, 2, 3, 4, 5, 6, 7, 8, 9, 10, 11]","[318, 319, 320, 321, 322, 323, 324, 325, 326, 327, 328, 329]","[0, 0, 0, 0, 0, 0, 0, 0, 0, 0, 0, 0]","[0, 0, 0, 0, 0, 0, 0, 0, 0, 0, 0, 0]","[1, 1, 1, 1, 1, 1, 1, 1, 1, 1, 1, 1]","[312, 313, 314, 315, 316, 317, 318, 319, 320, 321, 322, 323]","[0.0, -0.0025769236913477634, 0.0, 0.0, -0.0, -7.929171264418323e-05, 0.0, -0.002656463324026771, 0.0, 0.0, -0.0, -7.98698010666176e-05]"
54,"[0, 1, 2, 3, 4, 5, 6, 7, 8, 9, 10, 11]","[324, 325, 326, 327, 328, 329, 330, 331, 332, 333, 334, 335]","[0, 0, 0, 0, 0, 0, 0, 0, 0, 0, 0, 0]","[0, 0, 0, 0, 0, 0, 0, 0, 0, 0, 0, 0]","[1, 1, 1, 1, 1, 1, 1, 1, 1, 1, 1, 1]","[318, 319, 320, 321, 322, 323, 324, 325, 326, 327, 328, 329]","[0.0, -0.002656463324026771, 0.0, 0.0, -0.0, -7.98698010666176e-05, 0.0, -0.0027365705953374636, 0.0, 0.0, -0.0, -8.042351497713425e-05]"
55,"[0, 1, 2, 3, 4, 5, 6, 7, 8, 9, 10, 11]","[330, 331, 332, 333, 334, 335, 336, 337, 338, 339, 340, 341]","[0, 0, 0, 0, 0, 0, 0, 0, 0, 0, 0, 0]","[0, 0, 0, 0, 0, 0, 0, 0, 0, 0, 0, 0]","[1, 1, 1, 1, 1, 1, 1, 1, 1, 1, 1, 1]","[324, 325, 326, 327, 328, 329, 330, 331, 332, 333, 334, 335]","[0.0, -0.0027365705953374636, 0.0, 0.0, -0.0, -8.042351497713425e-05, 0.0, -0.002817221355763391, 0.0, 0.0, -0.0, -8.095337936515911e-05]"
56,"[0, 1, 2, 3, 4, 5, 6, 7, 8, 9, 10, 11]","[336, 337, 338, 339, 340, 341, 342, 343, 344, 345, 346, 347]","[0, 0, 0, 0, 0, 0, 0, 0, 0, 0, 0, 0]","[0, 0, 0, 0, 0, 0, 0, 0, 0, 0, 0, 0]","[1, 1, 1, 1, 1, 1, 1, 1, 1, 1, 1, 1]","[330, 331, 332, 333, 334, 335, 336, 337, 338, 339, 340, 341]","[0.0, -0.002817221355763391, 0.0, 0.0, -0.0, -8.095337936515911e-05, 0.0, -0.0028983919807775427, 0.0, 0.0, -0.0, -8.145991922014913e-05]"
57,"[0, 1, 2, 3, 4, 5, 6, 7, 8, 9, 10, 11]","[342, 343, 344, 345, 346, 347, 348, 349, 350, 351, 352, 353]","[0, 0, 0, 0, 0, 0, 0, 0, 0, 0, 0, 0]","[0, 0, 0, 0, 0, 0, 0, 0, 0, 0, 0, 0]","[1, 1, 1, 1, 1, 1, 1, 1, 1, 1, 1, 1]","[336, 337, 338, 339, 340, 341, 342, 343, 344, 345, 346, 347]","[0.0, -0.0028983919807775427, 0.0, 0.0, -0.0, -8.145991922014913e-05, 0.0, -0.0029800593708423752, 0.0, 0.0, -0.0, -8.194365953158405e-05]"
58,"[0, 1, 2, 3, 4, 5, 6, 7, 8, 9, 10, 11]","[348, 349, 350, 351, 352, 353, 354, 355, 356, 357, 358, 359]","[0, 0, 0, 0, 0, 0, 0, 0, 0, 0, 0, 0]","[0, 0, 0, 0, 0, 0, 0, 0, 0, 0, 0, 0]","[1, 1, 1, 1, 1, 1, 1, 1, 1, 1, 1, 1]","[342, 343, 344, 345, 346, 347, 348, 349, 350, 351, 352, 353]","[0.0, -0.0029800593708423752, 0.0, 0.0, -0.0, -8.194365953158405e-05, 0.0, -0.0030622009514098, 0.0, 0.0, -0.0, -8.240512528888382e-05]"
59,"[0, 1, 2, 3, 4, 5, 6, 7, 8, 9, 10, 11]","[354, 355, 356, 357, 358, 359, 360, 361, 362, 363, 364, 365]","[0, 0, 0, 0, 0, 0, 0, 0, 0, 0, 0, 0]","[0, 0, 0, 0, 0, 0, 0, 0, 0, 0, 0, 0]","[1, 1, 1, 1, 1, 1, 1, 1, 1, 1, 1, 1]","[348, 349, 350, 351, 352, 353, 354, 355, 356, 357, 358, 359]","[0.0, -0.0030622009514098, 0.0, 0.0, -0.0, -8.240512528888382e-05, 0.0, -0.003144794672921202, 0.0, 0.0, -0.0, -8.284484148159986e-05]"
60,"[0, 1, 2, 3, 4, 5, 6, 7, 8, 9, 10, 11]","[360, 361, 362, 363, 364, 365, 366, 367, 368, 369, 370, 371]","[0, 0, 0, 0, 0, 0, 0, 0, 0, 0, 0, 0]","[0, 0, 0, 0, 0, 0, 0, 0, 0, 0, 0, 0]","[1, 1, 1, 1, 1, 1, 1, 1, 1, 1, 1, 1]","[354, 355, 356, 357, 358, 359, 360, 361, 362, 363, 364, 365]","[0.0, -0.003144794672921202, 0.0, 0.0, -0.0, -8.284484148159986e-05, 0.0, -0.0032278190108075157, 0.0, 0.0, -0.0, -8.326333309927153e-05]"
61,"[0, 1, 2, 3, 4, 5, 6, 7, 8, 9, 10, 11]","[366, 367, 368, 369, 370, 371, 372, 373, 374, 375, 376, 377]","[0, 0, 0, 0, 0, 0, 0, 0, 0, 0, 0, 0]","[0, 0, 0, 0, 0, 0, 0, 0, 0, 0, 0, 0]","[1, 1, 1, 1, 1, 1, 1, 1, 1, 1, 1, 1]","[360, 361, 362, 363, 364, 365, 366, 367, 368, 369, 370, 371]","[0.0, -0.0032278190108075157, 0.0, 0.0, -0.0, -8.326333309927153e-05, 0.0, -0.0033112529654891615, 0.0, 0.0, -0.0, -8.36611251313175e-05]"
62,"[0, 1, 2, 3, 4, 5, 6, 7, 8, 9, 10, 11]","[372, 373, 374, 375, 376, 377, 378, 379, 380, 381, 382, 383]","[0, 0, 0, 0, 0, 0, 0, 0, 0, 0, 0, 0]","[0, 0, 0, 0, 0, 0, 0, 0, 0, 0, 0, 0]","[1, 1, 1, 1, 1, 1, 1, 1, 1, 1, 1, 1]","[366, 367, 368, 369, 370, 371, 372, 373, 374, 375, 376, 377]","[0.0, -0.0033112529654891615, 0.0, 0.0, -0.0, -8.36611251313175e-05, 0.0, -0.003395076062375995, 0.0, 0.0, -0.0, -8.403874256719266e-05]"
63,"[0, 1, 2, 3, 4, 5, 6, 7, 8, 9, 10, 11]","[378, 379, 380, 381, 382, 383, 384, 385, 386, 387, 388, 389]","[0, 0, 0, 0, 0, 0, 0, 0, 0, 0, 0, 0]","[0, 0, 0, 0, 0, 0, 0, 0, 0, 0, 0, 0]","[1, 1, 1, 1, 1, 1, 1, 1, 1, 1, 1, 1]","[372, 373, 374, 375, 376, 377, 378, 379, 380, 381, 382, 383]","[0.0, -0.003395076062375995, 0.0, 0.0, -0.0, -8.403874256719266e-05, 0.0, -0.0034792683518673475, 0.0, 0.0, -0.0, -8.439671039640407e-05]"
64,"[0, 1, 2, 3, 4, 5, 6, 7, 8, 9, 10, 11]","[384, 385, 386, 387, 388, 389, 390, 391, 392, 393, 394, 395]","[0, 0, 0, 0, 0, 0, 0, 0, 0, 0, 0, 0]","[0, 0, 0, 0, 0, 0, 0, 0, 0, 0, 0, 0]","[1, 1, 1, 1, 1, 1, 1, 1, 1, 1, 1, 1]","[378, 379, 380, 381, 382, 383, 384, 385, 386, 387, 388, 389]","[0.0, -0.0034792683518673475, 0.0, 0.0, -0.0, -8.439671039640407e-05, 0.0, -0.003563810409352021, 0.0, 0.0, -0.0, -8.473555360836962e-05]"
65,"[0, 1, 2, 3, 4, 5, 6, 7, 8, 9, 10, 11]","[390, 391, 392, 393, 394, 395, 396, 397, 398, 399, 400, 401]","[0, 0, 0, 0, 0, 0, 0, 0, 0, 0, 0, 0]","[0, 0, 0, 0, 0, 0, 0, 0, 0, 0, 0, 0]","[1, 1, 1, 1, 1, 1, 1, 1, 1, 1, 1, 1]","[384, 385, 386, 387, 388, 389, 390, 391, 392, 393, 394, 395]","[0.0, -0.003563810409352021, 0.0, 0.0, -0.0, -8.473555360836962e-05, 0.0, -0.003648683335208265, 0.0, 0.0, -0.0, -8.505579719257845e-05]"
66,"[0, 1, 2, 3, 4, 5, 6, 7, 8, 9, 10, 11]","[396, 397, 398, 399, 400, 401, 402, 403, 404, 405, 406, 407]","[0, 0, 0, 0, 0, 0, 0, 0, 0, 0, 0, 0]","[0, 0, 0, 0, 0, 0, 0, 0, 0, 0, 0, 0]","[1, 1, 1, 1, 1, 1, 1, 1, 1, 1, 1, 1]","[390, 391, 392, 393, 394, 395, 396, 397, 398, 399, 400, 401]","[0.0, -0.003648683335208265, 0.0, 0.0, -0.0, -8.505579719257845e-05, 0.0, -0.003733868754803821, 0.0, 0.0, -0.0, -8.535796613853025e-05]"
67,"[0, 1, 2, 3, 4, 5, 6, 7, 8, 9, 10, 11]","[402, 403, 404, 405, 406, 407, 408, 409, 410, 411, 412, 413]","[0, 0, 0, 0, 0, 0, 0, 0, 0, 0, 0, 0]","[0, 0, 0, 0, 0, 0, 0, 0, 0, 0, 0, 0]","[1, 1, 1, 1, 1, 1, 1, 1, 1, 1, 1, 1]","[396, 397, 398, 399, 400, 401, 402, 403, 404, 405, 406, 407]","[0.0, -0.003733868754803821, 0.0, 0.0, -0.0, -8.535796613853025e-05, 0.0, -0.0038193488184959158, 0.0, 0.0, -0.0, -8.564258543568446e-05]"
68,"[0, 1, 2, 3, 4, 5, 6, 7, 8, 9, 10, 11]","[408, 409, 410, 411, 412, 413, 414, 415, 416, 417, 418, 419]","[0, 0, 0, 0, 0, 0, 0, 0, 0, 0, 0, 0]","[0, 0, 0, 0, 0, 0, 0, 0, 0, 0, 0, 0]","[1, 1, 1, 1, 1, 1, 1, 1, 1, 1, 1, 1]","[402, 403, 404, 405, 406, 407, 408, 409, 410, 411, 412, 413]","[0.0, -0.0038193488184959158, 0.0, 0.0, -0.0, -8.564258543568446e-05, 0.0, -0.0039051062016313247, 0.0, 0.0, -0.0, -8.59101800737139e-05]"
69,"[0, 1, 2, 3, 4, 5, 6, 7, 8, 9, 10, 11]","[414, 415, 416, 417, 418, 419, 420, 421, 422, 423, 424, 425]","[0, 0, 0, 0, 0, 0, 0, 0, 0, 0, 0, 0]","[0, 0, 0, 0, 0, 0, 0, 0, 0, 0, 0, 0]","[1, 1, 1, 1, 1, 1, 1, 1, 1, 1, 1, 1]","[408, 409, 410, 411, 412, 413, 414, 415, 416, 417, 418, 419]","[0.0, -0.0039051062016313247, 0.0, 0.0, -0.0, -8.59101800737139e-05, 0.0, -0.003991124104546431, 0.0, 0.0, -0.0, -8.616127504213631e-05]"
70,"[0, 1, 2, 3, 4, 5, 6, 7, 8, 9, 10, 11]","[420, 421, 422, 423, 424, 425, 426, 427, 428, 429, 430, 431]","[0, 0, 0, 0, 0, 0, 0, 0, 0, 0, 0, 0]","[0, 0, 0, 0, 0, 0, 0, 0, 0, 0, 0, 0]","[1, 1, 1, 1, 1, 1, 1, 1, 1, 1, 1, 1]","[414, 415, 416, 417, 418, 419, 420, 421, 422, 423, 424, 425]","[0.0, -0.003991124104546431, 0.0, 0.0, -0.0, -8.616127504213631e-05, 0.0, -0.004077386252567179, 0.0, 0.0, -0.0, -8.639639533057194e-05]"
71,"[0, 1, 2, 3, 4, 5, 6, 7, 8, 9, 10, 11]","[426, 427, 428, 429, 430, 431, 432, 433, 434, 435, 436, 437]","[0, 0, 0, 0, 0, 0, 0, 0, 0, 0, 0, 0]","[0, 0, 0, 0, 0, 0, 0, 0, 0, 0, 0, 0]","[1, 1, 1, 1, 1, 1, 1, 1, 1, 1, 1, 1]","[420, 421, 422, 423, 424, 425, 426, 427, 428, 429, 430, 431]","[0.0, -0.004077386252567179, 0.0, 0.0, -0.0, -8.639639533057194e-05, 0.0, -0.004163876896009111, 0.0, 0.0, -0.0, -8.661606592858891e-05]"
72,"[0, 1, 2, 3, 4, 5, 6, 7, 8, 9, 10, 11]","[432, 433, 434, 435, 436, 437, 438, 439, 440, 441, 442, 443]","[0, 0, 0, 0, 0, 0, 0, 0, 0, 0, 0, 0]","[0, 0, 0, 0, 0, 0, 0, 0, 0, 0, 0, 0]","[1, 1, 1, 1, 1, 1, 1, 1, 1, 1, 1, 1]","[426, 427, 428, 429, 430, 431, 432, 433, 434, 435, 436, 437]","[0.0, -0.004163876896009111, 0.0, 0.0, -0.0, -8.661606592858891e-05, 0.0, -0.0042505808101772884, 0.0, 0.0, -0.0, -8.682081182563826e-05]"
73,"[0, 1, 2, 3, 4, 5, 6, 7, 8, 9, 10, 11]","[438, 439, 440, 441, 442, 443, 444, 445, 446, 447, 448, 449]","[0, 0, 0, 0, 0, 0, 0, 0, 0, 0, 0, 0]","[0, 0, 0, 0, 0, 0, 0, 0, 0, 0, 0, 0]","[1, 1, 1, 1, 1, 1, 1, 1, 1, 1, 1, 1]","[432, 433, 434, 435, 436, 437, 438, 439, 440, 441, 442, 443]","[0.0, -0.0042505808101772884, 0.0, 0.0, -0.0, -8.682081182563826e-05, 0.0, -0.0043374832953661634, 0.0, 0.0, -0.0, -8.7011158011028e-05]"
74,"[0, 1, 2, 3, 4, 5, 6, 7, 8, 9, 10, 11]","[444, 445, 446, 447, 448, 449, 450, 451, 452, 453, 454, 455]","[0, 0, 0, 0, 0, 0, 0, 0, 0, 0, 0, 0]","[0, 0, 0, 0, 0, 0, 0, 0, 0, 0, 0, 0]","[1, 1, 1, 1, 1, 1, 1, 1, 1, 1, 1, 1]","[438, 439, 440, 441, 442, 443, 444, 445, 446, 447, 448, 449]","[0.0, -0.0043374832953661634, 0.0, 0.0, -0.0, -8.7011158011028e-05, 0.0, -0.004424570176859616, 0.0, 0.0, -0.0, -8.718762947436062e-05]"
75,"[0, 1, 2, 3, 4, 5, 6, 7, 8, 9, 10, 11]","[450, 451, 452, 453, 454, 455, 456, 457, 458, 459, 460, 461]","[0, 0, 0, 0, 0, 0, 0, 0, 0, 0, 0, 0]","[0, 0, 0, 0, 0, 0, 0, 0, 0, 0, 0, 0]","[1, 1, 1, 1, 1, 1, 1, 1, 1, 1, 1, 1]","[444, 445, 446, 447, 448, 449, 450, 451, 452, 453, 454, 455]","[0.0, -0.004424570176859616, 0.0, 0.0, -0.0, -8.718762947436062e-05, 0.0, -0.0045118278049311325, 0.0, 0.0, -0.0, -8.73507512052327e-05]"
76,"[0, 1, 2, 3, 4, 5, 6, 7, 8, 9, 10, 11]","[456, 457, 458, 459, 460, 461, 462, 463, 464, 465, 466, 467]","[0, 0, 0, 0, 0, 0, 0, 0, 0, 0, 0, 0]","[0, 0, 0, 0, 0, 0, 0, 0, 0, 0, 0, 0]","[1, 1, 1, 1, 1, 1, 1, 1, 1, 1, 1, 1]","[450, 451, 452, 453, 454, 455, 456, 457, 458, 459, 460, 461]","[0.0, -0.0045118278049311325, 0.0, 0.0, -0.0, -8.73507512052327e-05, 0.0, -0.004599243054843716, 0.0, 0.0, -0.0, -8.750104819305683e-05]"
77,"[0, 1, 2, 3, 4, 5, 6, 7, 8, 9, 10, 11]","[462, 463, 464, 465, 466, 467, 468, 469, 470, 471, 472, 473]","[0, 0, 0, 0, 0, 0, 0, 0, 0, 0, 0, 0]","[0, 0, 0, 0, 0, 0, 0, 0, 0, 0, 0, 0]","[1, 1, 1, 1, 1, 1, 1, 1, 1, 1, 1, 1]","[456, 457, 458, 459, 460, 461, 462, 463, 464, 465, 466, 467]","[0.0, -0.004599243054843716, 0.0, 0.0, -0.0, -8.750104819305683e-05, 0.0, -0.004686803326849796, 0.0, 0.0, -0.0, -8.76390454272848e-05]"
78,"[0, 1, 2, 3, 4, 5, 6, 7, 8, 9, 10, 11]","[468, 469, 470, 471, 472, 473, 474, 475, 476, 477, 478, 479]","[0, 0, 0, 0, 0, 0, 0, 0, 0, 0, 0, 0]","[0, 0, 0, 0, 0, 0, 0, 0, 0, 0, 0, 0]","[1, 1, 1, 1, 1, 1, 1, 1, 1, 1, 1, 1]","[462, 463, 464, 465, 466, 467, 468, 469, 470, 471, 472, 473]","[0.0, -0.004686803326849796, 0.0, 0.0, -0.0, -8.76390454272848e-05, 0.0, -0.004774496546191284, 0.0, 0.0, -0.0, -8.776526789743035e-05]"
79,"[0, 1, 2, 3, 4, 5, 6, 7, 8, 9, 10, 11]","[474, 475, 476, 477, 478, 479, 480, 481, 482, 483, 484, 485]","[0, 0, 0, 0, 0, 0, 0, 0, 0, 0, 0, 0]","[0, 0, 0, 0, 0, 0, 0, 0, 0, 0, 0, 0]","[1, 1, 1, 1, 1, 1, 1, 1, 1, 1, 1, 1]","[468, 469, 470, 471, 472, 473, 474, 475, 476, 477, 478, 479]","[0.0, -0.004774496546191284, 0.0, 0.0, -0.0, -8.776526789743035e-05, 0.0, -0.004862311163099527, 0.0, 0.0, -0.0, -8.788024059282979e-05]"
80,"[0, 1, 2, 3, 4, 5, 6, 7, 8, 9, 10, 11]","[480, 481, 482, 483, 484, 485, 486, 487, 488, 489, 490, 491]","[0, 0, 0, 0, 0, 0, 0, 0, 0, 0, 0, 0]","[0, 0, 0, 0, 0, 0, 0, 0, 0, 0, 0, 0]","[1, 1, 1, 1, 1, 1, 1, 1, 1, 1, 1, 1]","[474, 475, 476, 477, 478, 479, 480, 481, 482, 483, 484, 485]","[0.0, -0.004862311163099527, 0.0, 0.0, -0.0, -8.788024059282979e-05, 0.0, -0.004950236152795205, 0.0, 0.0, -0.0, -8.79844885028108e-05]"
81,"[0, 1, 2, 3, 4, 5, 6, 7, 8, 9, 10, 11]","[486, 487, 488, 489, 490, 491, 492, 493, 494, 495, 496, 497]","[0, 0, 0, 0, 0, 0, 0, 0, 0, 0, 0, 0]","[0, 0, 0, 0, 0, 0, 0, 0, 0, 0, 0, 0]","[1, 1, 1, 1, 1, 1, 1, 1, 1, 1, 1, 1]","[480, 481, 482, 483, 484, 485, 486, 487, 488, 489, 490, 491]","[0.0, -0.004950236152795205, 0.0, 0.0, -0.0, -8.79844885028108e-05, 0.0, -0.0050382610154884435, 0.0, 0.0, -0.0, -8.807853661697833e-05]"
82,"[0, 1, 2, 3, 4, 5, 6, 7, 8, 9, 10, 11]","[492, 493, 494, 495, 496, 497, 498, 499, 500, 501, 502, 503]","[0, 0, 0, 0, 0, 0, 0, 0, 0, 0, 0, 0]","[0, 0, 0, 0, 0, 0, 0, 0, 0, 0, 0, 0]","[1, 1, 1, 1, 1, 1, 1, 1, 1, 1, 1, 1]","[486, 487, 488, 489, 490, 491, 492, 493, 494, 495, 496, 497]","[0.0, -0.0050382610154884435, 0.0, 0.0, -0.0, -8.807853661697833e-05, 0.0, -0.005126375776378953, 0.0, 0.0, -0.0, -8.816290992488646e-05]"
83,"[0, 1, 2, 3, 4, 5, 6, 7, 8, 9, 10, 11]","[498, 499, 500, 501, 502, 503, 504, 505, 506, 507, 508, 509]","[0, 0, 0, 0, 0, 0, 0, 0, 0, 0, 0, 0]","[0, 0, 0, 0, 0, 0, 0, 0, 0, 0, 0, 0]","[1, 1, 1, 1, 1, 1, 1, 1, 1, 1, 1, 1]","[492, 493, 494, 495, 496, 497, 498, 499, 500, 501, 502, 503]","[0.0, -0.005126375776378953, 0.0, 0.0, -0.0, -8.816290992488646e-05, 0.0, -0.005214570985656052, 0.0, 0.0, -0.0, -8.823813341622379e-05]"
84,"[0, 1, 2, 3, 4, 5, 6, 7, 8, 9, 10, 11]","[504, 505, 506, 507, 508, 509, 510, 511, 512, 513, 514, 515]","[0, 0, 0, 0, 0, 0, 0, 0, 0, 0, 0, 0]","[0, 0, 0, 0, 0, 0, 0, 0, 0, 0, 0, 0]","[1, 1, 1, 1, 1, 1, 1, 1, 1, 1, 1, 1]","[498, 499, 500, 501, 502, 503, 504, 505, 506, 507, 508, 509]","[0.0, -0.005214570985656052, 0.0, 0.0, -0.0, -8.823813341622379e-05, 0.0, -0.005302837718498613, 0.0, 0.0, -0.0, -8.83047320803496e-05]"
85,"[0, 1, 2, 3, 4, 5, 6, 7, 8, 9, 10, 11]","[510, 511, 512, 513, 514, 515, 516, 517, 518, 519, 520, 521]","[0, 0, 0, 0, 0, 0, 0, 0, 0, 0, 0, 0]","[0, 0, 0, 0, 0, 0, 0, 0, 0, 0, 0, 0]","[1, 1, 1, 1, 1, 1, 1, 1, 1, 1, 1, 1]","[504, 505, 506, 507, 508, 509, 510, 511, 512, 513, 514, 515]","[0.0, -0.005302837718498613, 0.0, 0.0, -0.0, -8.83047320803496e-05, 0.0, -0.005391167575074969, 0.0, 0.0, -0.0, -8.836323090687086e-05]"
86,"[0, 1, 2, 3, 4, 5, 6, 7, 8, 9, 10, 11]","[516, 517, 518, 519, 520, 521, 522, 523, 524, 525, 526, 527]","[0, 0, 0, 0, 0, 0, 0, 0, 0, 0, 0, 0]","[0, 0, 0, 0, 0, 0, 0, 0, 0, 0, 0, 0]","[1, 1, 1, 1, 1, 1, 1, 1, 1, 1, 1, 1]","[510, 511, 512, 513, 514, 515, 516, 517, 518, 519, 520, 521]","[0.0, -0.005391167575074969, 0.0, 0.0, -0.0, -8.836323090687086e-05, 0.0, -0.005479552680543048, 0.0, 0.0, -0.0, -8.841415488536256e-05]"
87,"[0, 1, 2, 3, 4, 5, 6, 7, 8, 9, 10, 11]","[522, 523, 524, 525, 526, 527, 528, 529, 530, 531, 532, 533]","[0, 0, 0, 0, 0, 0, 0, 0, 0, 0, 0, 0]","[0, 0, 0, 0, 0, 0, 0, 0, 0, 0, 0, 0]","[1, 1, 1, 1, 1, 1, 1, 1, 1, 1, 1, 1]","[516, 517, 518, 519, 520, 521, 522, 523, 524, 525, 526, 527]","[0.0, -0.005479552680543048, 0.0, 0.0, -0.0, -8.841415488536256e-05, 0.0, -0.005567985685050329, 0.0, 0.0, -0.0, -8.845802900534562e-05]"
88,"[0, 1, 2, 3, 4, 5, 6, 7, 8, 9, 10, 11]","[528, 529, 530, 531, 532, 533, 534, 535, 536, 537, 538, 539]","[0, 0, 0, 0, 0, 0, 0, 0, 0, 0, 0, 0]","[0, 0, 0, 0, 0, 0, 0, 0, 0, 0, 0, 0]","[1, 1, 1, 1, 1, 1, 1, 1, 1, 1, 1, 1]","[522, 523, 524, 525, 526, 527, 528, 529, 530, 531, 532, 533]","[0.0, -0.005567985685050329, 0.0, 0.0, -0.0, -8.845802900534562e-05, 0.0, -0.005656459763733748, 0.0, 0.0, -0.0, -8.849537825618965e-05]"
89,"[0, 1, 2, 3, 4, 5, 6, 7, 8, 9, 10, 11]","[534, 535, 536, 537, 538, 539, 540, 541, 542, 543, 544, 545]","[0, 0, 0, 0, 0, 0, 0, 0, 0, 0, 0, 0]","[0, 0, 0, 0, 0, 0, 0, 0, 0, 0, 0, 0]","[1, 1, 1, 1, 1, 1, 1, 1, 1, 1, 1, 1]","[528, 529, 530, 531, 532, 533, 534, 535, 536, 537, 538, 539]","[0.0, -0.005656459763733748, 0.0, 0.0, -0.0, -8.849537825618965e-05, 0.0, -0.0057449686167196645, 0.0, 0.0, -0.0, -8.852672762739335e-05]"
90,"[0, 1, 2, 3, 4, 5, 6, 7, 8, 9, 10, 11]","[540, 541, 542, 543, 544, 545, 546, 547, 548, 549, 550, 551]","[0, 0, 0, 0, 0, 0, 0, 0, 0, 0, 0, 0]","[0, 0, 0, 0, 0, 0, 0, 0, 0, 0, 0, 0]","[1, 1, 1, 1, 1, 1, 1, 1, 1, 1, 1, 1]","[534, 535, 536, 537, 538, 539, 540, 541, 542, 543, 544, 545]","[0.0, -0.0057449686167196645, 0.0, 0.0, -0.0, -8.852672762739335e-05, 0.0, -0.005833506469124015, 0.0, 0.0, -0.0, -8.855260210863708e-05]"
91,"[0, 1, 2, 3, 4, 5, 6, 7, 8, 9, 10, 11]","[546, 547, 548, 549, 550, 551, 552, 553, 554, 555, 556, 557]","[0, 0, 0, 0, 0, 0, 0, 0, 0, 0, 0, 0]","[0, 0, 0, 0, 0, 0, 0, 0, 0, 0, 0, 0]","[1, 1, 1, 1, 1, 1, 1, 1, 1, 1, 1, 1]","[540, 541, 542, 543, 544, 545, 546, 547, 548, 549, 550, 551]","[0.0, -0.005833506469124015, 0.0, 0.0, -0.0, -8.855260210863708e-05, 0.0, -0.005922068071052352, 0.0, 0.0, -0.0, -8.857352668944274e-05]"
92,"[0, 1, 2, 3, 4, 5, 6, 7, 8, 9, 10, 11]","[552, 553, 554, 555, 556, 557, 558, 559, 560, 561, 562, 563]","[0, 0, 0, 0, 0, 0, 0, 0, 0, 0, 0, 0]","[0, 0, 0, 0, 0, 0, 0, 0, 0, 0, 0, 0]","[1, 1, 1, 1, 1, 1, 1, 1, 1, 1, 1, 1]","[546, 547, 548, 549, 550, 551, 552, 553, 554, 555, 556, 557]","[0.0, -0.005922068071052352, 0.0, 0.0, -0.0, -8.857352668944274e-05, 0.0, -0.00601064869759966, 0.0, 0.0, -0.0, -8.859002635913068e-05]"
93,"[0, 1, 2, 3, 4, 5, 6, 7, 8, 9, 10, 11]","[558, 559, 560, 561, 562, 563, 564, 565, 566, 567, 568, 569]","[0, 0, 0, 0, 0, 0, 0, 0, 0, 0, 0, 0]","[0, 0, 0, 0, 0, 0, 0, 0, 0, 0, 0, 0]","[1, 1, 1, 1, 1, 1, 1, 1, 1, 1, 1, 1]","[552, 553, 554, 555, 556, 557, 558, 559, 560, 561, 562, 563]","[0.0, -0.00601064869759966, 0.0, 0.0, -0.0, -8.859002635913068e-05, 0.0, -0.006099244148850225, 0.0, 0.0, -0.0, -8.860262610698027e-05]"
94,"[0, 1, 2, 3, 4, 5, 6, 7, 8, 9, 10, 11]","[564, 565, 566, 567, 568, 569, 570, 571, 572, 573, 574, 575]","[0, 0, 0, 0, 0, 0, 0, 0, 0, 0, 0, 0]","[0, 0, 0, 0, 0, 0, 0, 0, 0, 0, 0, 0]","[1, 1, 1, 1, 1, 1, 1, 1, 1, 1, 1, 1]","[558, 559, 560, 561, 562, 563, 564, 565, 566, 567, 568, 569]","[0.0, -0.006099244148850225, 0.0, 0.0, -0.0, -8.860262610698027e-05, 0.0, -0.006187850749877775, 0.0, 0.0, -0.0, -8.861185092264911e-05]"
95,"[0, 1, 2, 3, 4, 5, 6, 7, 8, 9, 10, 11]","[570, 571, 572, 573, 574, 575, 576, 577, 578, 579, 580, 581]","[0, 0, 0, 0, 0, 0, 0, 0, 0, 0, 0, 0]","[0, 0, 0, 0, 0, 0, 0, 0, 0, 0, 0, 0]","[1, 1, 1, 1, 1, 1, 1, 1, 1, 1, 1, 1]","[564, 565, 566, 567, 568, 569, 570, 571, 572, 573, 574, 575]","[0.0, -0.006187850749877775, 0.0, 0.0, -0.0, -8.861185092264911e-05, 0.0, -0.0062764653507455725, 0.0, 0.0, -0.0, -8.861822579549505e-05]"
96,"[0, 1, 2, 3, 4, 5, 6, 7, 8, 9, 10, 11]","[576, 577, 578, 579, 580, 581, 582, 583, 584, 585, 586, 587]","[0, 0, 0, 0, 0, 0, 0, 0, 0, 0, 0, 0]","[0, 0, 0, 0, 0, 0, 0, 0, 0, 0, 0, 0]","[1, 1, 1, 1, 1, 1, 1, 1, 1, 1, 1, 1]","[570, 571, 572, 573, 574, 575, 576, 577, 578, 579, 580, 581]","[0.0, -0.0062764653507455725, 0.0, 0.0, -0.0, -8.861822579549505e-05, 0.0, -0.006365085326506181, -0.0, 0.0, 0.0, -8.862227571475962e-05]"
97,"[0, 1, 2, 3, 4, 5, 6, 7, 8, 9, 10, 11]","[582, 583, 584, 585, 586, 587, 588, 589, 590, 591, 592, 593]","[0, 0, 0, 0, 0, 0, 0, 0, 0, 0, 0, 0]","[0, 0, 0, 0, 0, 0, 0, 0, 0, 0, 0, 0]","[1, 1, 1, 1, 1, 1, 1, 1, 1, 1, 1, 1]","[576, 577, 578, 579, 580, 581, 582, 583, 584, 585, 586, 587]","[0.0, -0.006365085326506181, -0.0, 0.0, 0.0, -8.862227571475962e-05, 0.0, -0.006453708577201478, 0.0, 0.0, 0.0, -8.862452566984517e-05]"
98,"[0, 1, 2, 3, 4, 5, 6, 7, 8, 9, 10, 11]","[588, 589, 590, 591, 592, 593, 594, 595, 596, 597, 598, 599]","[0, 0, 0, 0, 0, 0, 0, 0, 0, 0, 0, 0]","[0, 0, 0, 0, 0, 0, 0, 0, 0, 0, 0, 0]","[1, 1, 1, 1, 1, 1, 1, 1, 1, 1, 1, 1]","[582, 583, 584, 585, 586, 587, 588, 589, 590, 591, 592, 593]","[0.0, -0.006453708577201478, 0.0, 0.0, 0.0, -8.862452566984517e-05, -0.0, -0.006542333527862857, -0.0, -0.0, -0.0, -8.862550065042021e-05]"
99,"[0, 1, 2, 3, 4, 5, 6, 7, 8, 9, 10, 11]","[594, 595, 596, 597, 598, 599, 600, 601, 602, 603, 604, 605]","[0, 0, 0, 0, 0, 0, 0, 0, 0, 0, 0, 0]","[0, 0, 0, 0, 0, 0, 0, 0, 0, 0, 0, 0]","[1, 1, 1, 1, 1, 1, 1, 1, 1, 1, 1, 1]","[588, 589, 590, 591, 592, 593, 594, 595, 596, 597, 598, 599]","[-0.0, -0.006542333527862857, -0.0, -0.0, -0.0, -8.862550065042021e-05, 0.0, -0.0066309591285112586, 0.0, 0.0, -0.0, -8.862572564587309e-05]"
